"bloc","periode","type_brique","numero_cible","etat_relationnel","statut_utilisateur","ton","modele_texte","jours_refroidissement","poids","actif","tags","langue","version"
"1","toutes","energie","1","indifferent","indifferent","direct_doux","Une énergie d’élan se présente : tu peux ouvrir un nouveau chapitre, même avec un petit pas concret.","21","1.0","True","{""initiative"",""élan"",""décision""}","fr","1"
"1","toutes","energie","1","indifferent","indifferent","direct_doux","Le climat porte la décision : ce qui était flou peut se clarifier si tu choisis une direction simple.","21","1.0","True","{""initiative"",""élan"",""décision""}","fr","1"
"1","toutes","energie","1","indifferent","indifferent","direct_doux","Tu sens une poussée d’affirmation : c’est le bon moment pour te positionner avec calme et respect.","21","1.0","True","{""initiative"",""élan"",""décision""}","fr","1"
"1","toutes","energie","1","indifferent","indifferent","direct_doux","Une dynamique de démarrage s’installe : avance sans te justifier trop longtemps, l’action parle.","21","1.0","True","{""initiative"",""élan"",""décision""}","fr","1"
"1","toutes","energie","1","indifferent","indifferent","direct_doux","L’énergie favorise l’initiative : mieux vaut commencer imparfaitement que remettre à plus tard.","21","1.0","True","{""initiative"",""élan"",""décision""}","fr","1"
"1","toutes","energie","1","indifferent","indifferent","direct_doux","Une force de renouveau t’accompagne : tu peux relancer un projet ou une discussion avec un ton neuf.","21","1.0","True","{""initiative"",""élan"",""décision""}","fr","1"
"1","toutes","energie","1","indifferent","indifferent","direct_doux","Le moment invite à prendre les devants : une décision courte vaut mieux qu’une hésitation longue.","21","1.0","True","{""initiative"",""élan"",""décision""}","fr","1"
"1","toutes","energie","1","indifferent","indifferent","direct_doux","Une impulsion constructive se lève : pose une intention claire et prépare un premier geste mesurable.","21","1.0","True","{""initiative"",""élan"",""décision""}","fr","1"
"1","toutes","focus","1","indifferent","indifferent","direct_doux","Mets ton attention sur une chose à initier : un appel, un message, une démarche ou une décision simple.","21","1.0","True","{""initiative"",""élan"",""décision""}","fr","1"
"1","toutes","focus","1","indifferent","indifferent","direct_doux","Choisis une direction claire et évite de multiplier les options : un seul cap suffit.","21","1.0","True","{""initiative"",""élan"",""décision""}","fr","1"
"1","toutes","focus","1","indifferent","indifferent","direct_doux","Concentre-toi sur le premier pas, pas sur toute la montagne : l’élan se crée en marchant.","21","1.0","True","{""initiative"",""élan"",""décision""}","fr","1"
"1","toutes","focus","1","indifferent","indifferent","direct_doux","Fais passer la clarté avant la vitesse : savoir où tu vas rend tout plus léger.","21","1.0","True","{""initiative"",""élan"",""décision""}","fr","1"
"1","toutes","focus","1","indifferent","indifferent","direct_doux","Priorité au concret : une action courte vaut mieux qu’un long plan non exécuté.","21","1.0","True","{""initiative"",""élan"",""décision""}","fr","1"
"1","toutes","focus","1","indifferent","indifferent","direct_doux","Recentre-toi sur ce que tu veux vraiment construire : l’intention donne la puissance.","21","1.0","True","{""initiative"",""élan"",""décision""}","fr","1"
"1","toutes","focus","1","indifferent","indifferent","direct_doux","Rassemble ton énergie : moins de dispersion, plus de résultat.","21","1.0","True","{""initiative"",""élan"",""décision""}","fr","1"
"1","toutes","focus","1","indifferent","indifferent","direct_doux","Mets ton focus sur ton positionnement : dire oui à l’essentiel, non au reste.","21","1.0","True","{""initiative"",""élan"",""décision""}","fr","1"
"1","toutes","alerte","1","indifferent","indifferent","direct_doux","Attention à l’impatience : vouloir tout accélérer peut créer des frictions inutiles.","21","1.0","True","{""initiative"",""élan"",""décision""}","fr","1"
"1","toutes","alerte","1","indifferent","indifferent","direct_doux","Garde l’égo sous contrôle : diriger seul fatigue le lien et ferme la coopération.","21","1.0","True","{""initiative"",""élan"",""décision""}","fr","1"
"1","toutes","alerte","1","indifferent","indifferent","direct_doux","Évite la précipitation : une décision trop rapide peut te forcer à corriger après.","21","1.0","True","{""initiative"",""élan"",""décision""}","fr","1"
"1","toutes","alerte","1","indifferent","indifferent","direct_doux","Ne confonds pas courage et dureté : la fermeté peut rester respectueuse.","21","1.0","True","{""initiative"",""élan"",""décision""}","fr","1"
"1","toutes","alerte","1","indifferent","indifferent","direct_doux","Attention à la dispersion : trop de débuts en même temps te vide.","21","1.0","True","{""initiative"",""élan"",""décision""}","fr","1"
"1","toutes","alerte","1","indifferent","indifferent","direct_doux","Évite les réactions “tout ou rien” : avance par étapes, c’est plus sûr.","21","1.0","True","{""initiative"",""élan"",""décision""}","fr","1"
"1","toutes","alerte","1","indifferent","indifferent","direct_doux","Ne cherche pas à convaincre tout le monde : clarifie d’abord tes propres raisons.","21","1.0","True","{""initiative"",""élan"",""décision""}","fr","1"
"1","toutes","alerte","1","indifferent","indifferent","direct_doux","Attention au ton : une parole trop directe peut être mal reçue.","21","1.0","True","{""initiative"",""élan"",""décision""}","fr","1"
"1","toutes","conseil","1","indifferent","indifferent","direct_doux","Pose une intention claire, puis fais une action courte et mesurable : un message, un appel, un pas concret.","21","1.0","True","{""initiative"",""élan"",""décision""}","fr","1"
"1","toutes","conseil","1","indifferent","indifferent","direct_doux","Choisis une priorité et termine-la : la confiance revient quand tu vois un résultat.","21","1.0","True","{""initiative"",""élan"",""décision""}","fr","1"
"1","toutes","conseil","1","indifferent","indifferent","direct_doux","Si tu hésites, écris 3 options et tranche la plus simple : la clarté libère.","21","1.0","True","{""initiative"",""élan"",""décision""}","fr","1"
"1","toutes","conseil","1","indifferent","indifferent","direct_doux","Dis les choses avec calme et fermeté : une phrase nette évite dix explications.","21","1.0","True","{""initiative"",""élan"",""décision""}","fr","1"
"1","toutes","conseil","1","indifferent","indifferent","direct_doux","Commence par ce que tu contrôles : ton attitude, ton ton, ton premier geste.","21","1.0","True","{""initiative"",""élan"",""décision""}","fr","1"
"1","toutes","conseil","1","indifferent","indifferent","direct_doux","Fais un petit “oui” à l’essentiel et un “non” au reste : tu gagneras en énergie.","21","1.0","True","{""initiative"",""élan"",""décision""}","fr","1"
"1","toutes","conseil","1","indifferent","indifferent","direct_doux","Prends les devants avec respect : propose plutôt que critiquer.","21","1.0","True","{""initiative"",""élan"",""décision""}","fr","1"
"1","toutes","conseil","1","indifferent","indifferent","direct_doux","Respire 30 secondes, puis décide : l’action alignée est plus forte que l’action pressée.","21","1.0","True","{""initiative"",""élan"",""décision""}","fr","1"
"1","toutes","energie","2","indifferent","indifferent","direct_doux","L’énergie du moment est douce : elle invite à ralentir légèrement pour retrouver l’équilibre.","21","1.0","True","{""écoute"",""équilibre"",""douceur""}","fr","1"
"1","toutes","energie","2","indifferent","indifferent","direct_doux","Le climat favorise la coopération : avancer à deux sera plus efficace que vouloir tout porter seul.","21","1.0","True","{""écoute"",""équilibre"",""douceur""}","fr","1"
"1","toutes","energie","2","indifferent","indifferent","direct_doux","Une sensibilité accrue se fait sentir : ce qui est dit et ce qui est ressenti comptent autant.","21","1.0","True","{""écoute"",""équilibre"",""douceur""}","fr","1"
"1","toutes","energie","2","indifferent","indifferent","direct_doux","Le moment met l’accent sur l’harmonie : une attitude calme peut apaiser beaucoup de choses.","21","1.0","True","{""écoute"",""équilibre"",""douceur""}","fr","1"
"1","toutes","energie","2","indifferent","indifferent","direct_doux","Une énergie de rapprochement est présente : la qualité du lien passe avant la vitesse.","21","1.0","True","{""écoute"",""équilibre"",""douceur""}","fr","1"
"1","toutes","energie","2","indifferent","indifferent","direct_doux","Le rythme devient plus fin : les nuances, les regards, les intentions prennent de l’importance.","21","1.0","True","{""écoute"",""équilibre"",""douceur""}","fr","1"
"1","toutes","energie","2","indifferent","indifferent","direct_doux","Une vibration d’accord et de paix circule : tu peux consolider la confiance par de petits gestes.","21","1.0","True","{""écoute"",""équilibre"",""douceur""}","fr","1"
"1","toutes","energie","2","indifferent","indifferent","direct_doux","L’ambiance encourage la diplomatie : l’écoute ouvre des portes que la force ferme.","21","1.0","True","{""écoute"",""équilibre"",""douceur""}","fr","1"
"1","toutes","focus","2","indifferent","indifferent","direct_doux","Mets ton attention sur l’écoute : comprendre d’abord, répondre ensuite.","21","1.0","True","{""écoute"",""équilibre"",""douceur""}","fr","1"
"1","toutes","focus","2","indifferent","indifferent","direct_doux","Concentre-toi sur l’équilibre : ce qui est juste pour toi et respectueux de l’autre.","21","1.0","True","{""écoute"",""équilibre"",""douceur""}","fr","1"
"1","toutes","focus","2","indifferent","indifferent","direct_doux","Priorité au dialogue doux : une phrase bien posée vaut mieux qu’un débat.","21","1.0","True","{""écoute"",""équilibre"",""douceur""}","fr","1"
"1","toutes","focus","2","indifferent","indifferent","direct_doux","Focus sur la coopération : demander, proposer, ajuster.","21","1.0","True","{""écoute"",""équilibre"",""douceur""}","fr","1"
"1","toutes","focus","2","indifferent","indifferent","direct_doux","Recentre-toi sur les émotions : nommer ce que tu ressens clarifie la relation.","21","1.0","True","{""écoute"",""équilibre"",""douceur""}","fr","1"
"1","toutes","focus","2","indifferent","indifferent","direct_doux","Mets ton attention sur la paix : calmer le ton avant de parler du fond.","21","1.0","True","{""écoute"",""équilibre"",""douceur""}","fr","1"
"1","toutes","focus","2","indifferent","indifferent","direct_doux","Focus sur les détails : les petites attentions construisent la confiance.","21","1.0","True","{""écoute"",""équilibre"",""douceur""}","fr","1"
"1","toutes","focus","2","indifferent","indifferent","direct_doux","Concentre-toi sur le rythme : avancer lentement mais ensemble.","21","1.0","True","{""écoute"",""équilibre"",""douceur""}","fr","1"
"1","toutes","alerte","2","indifferent","indifferent","direct_doux","Attention à l’hypersensibilité : interpréter trop vite peut te faire souffrir inutilement.","21","1.0","True","{""écoute"",""équilibre"",""douceur""}","fr","1"
"1","toutes","alerte","2","indifferent","indifferent","direct_doux","Évite les non-dits : ce que tu gardes en toi grossit dans l’ombre.","21","1.0","True","{""écoute"",""équilibre"",""douceur""}","fr","1"
"1","toutes","alerte","2","indifferent","indifferent","direct_doux","Attention aux compromis injustes : s’effacer n’est pas aimer.","21","1.0","True","{""écoute"",""équilibre"",""douceur""}","fr","1"
"1","toutes","alerte","2","indifferent","indifferent","direct_doux","Ne laisse pas les émotions décider : respire avant de répondre.","21","1.0","True","{""écoute"",""équilibre"",""douceur""}","fr","1"
"1","toutes","alerte","2","indifferent","indifferent","direct_doux","Évite de tout prendre personnellement : parfois l’autre parle de lui, pas de toi.","21","1.0","True","{""écoute"",""équilibre"",""douceur""}","fr","1"
"1","toutes","alerte","2","indifferent","indifferent","direct_doux","Attention à la dépendance affective : la paix vient aussi de ton centre.","21","1.0","True","{""écoute"",""équilibre"",""douceur""}","fr","1"
"1","toutes","alerte","2","indifferent","indifferent","direct_doux","Ne multiplie pas les discussions : une seule conversation claire vaut mieux.","21","1.0","True","{""écoute"",""équilibre"",""douceur""}","fr","1"
"1","toutes","alerte","2","indifferent","indifferent","direct_doux","Évite les promesses floues : clarifie les attentes.","21","1.0","True","{""écoute"",""équilibre"",""douceur""}","fr","1"
"1","toutes","conseil","2","indifferent","indifferent","direct_doux","Ralentis, écoute, puis réponds : une réaction douce peut transformer l’ambiance.","21","1.0","True","{""écoute"",""équilibre"",""douceur""}","fr","1"
"1","toutes","conseil","2","indifferent","indifferent","direct_doux","Exprime un besoin simple (“j’ai besoin de…”) au lieu d’un reproche : ça ouvre le dialogue.","21","1.0","True","{""écoute"",""équilibre"",""douceur""}","fr","1"
"1","toutes","conseil","2","indifferent","indifferent","direct_doux","Fais un geste de paix : un message, une attention, un sourire, même bref.","21","1.0","True","{""écoute"",""équilibre"",""douceur""}","fr","1"
"1","toutes","conseil","2","indifferent","indifferent","direct_doux","Si une émotion monte, respire 4–6 et reviens au calme avant de parler.","21","1.0","True","{""écoute"",""équilibre"",""douceur""}","fr","1"
"1","toutes","conseil","2","indifferent","indifferent","direct_doux","Choisis la coopération : demande l’avis de l’autre, même pour une petite décision.","21","1.0","True","{""écoute"",""équilibre"",""douceur""}","fr","1"
"1","toutes","conseil","2","indifferent","indifferent","direct_doux","Écris ce que tu ressens en 2 phrases : ça clarifie sans dramatiser.","21","1.0","True","{""écoute"",""équilibre"",""douceur""}","fr","1"
"1","toutes","conseil","2","indifferent","indifferent","direct_doux","Rappelle-toi : l’harmonie se construit dans les détails, pas dans les grands discours.","21","1.0","True","{""écoute"",""équilibre"",""douceur""}","fr","1"
"1","toutes","conseil","2","indifferent","indifferent","direct_doux","Privilégie la diplomatie : être juste compte plus qu’avoir raison.","21","1.0","True","{""écoute"",""équilibre"",""douceur""}","fr","1"
"1","toutes","energie","3","indifferent","indifferent","direct_doux","Une énergie vive et légère circule : l’expression et la joie reviennent au premier plan.","21","1.0","True","{""expression"",""joie"",""créativité""}","fr","1"
"1","toutes","energie","3","indifferent","indifferent","direct_doux","Le moment encourage la parole : dire les choses simplement peut créer une belle complicité.","21","1.0","True","{""expression"",""joie"",""créativité""}","fr","1"
"1","toutes","energie","3","indifferent","indifferent","direct_doux","Une vibration de créativité s’active : tu peux trouver une solution nouvelle à un sujet ancien.","21","1.0","True","{""expression"",""joie"",""créativité""}","fr","1"
"1","toutes","energie","3","indifferent","indifferent","direct_doux","Le climat est plus social : échanges, messages, rencontres ou idées se multiplient facilement.","21","1.0","True","{""expression"",""joie"",""créativité""}","fr","1"
"1","toutes","energie","3","indifferent","indifferent","direct_doux","Une énergie de partage se présente : ton enthousiasme peut entraîner l’autre dans le bon sens.","21","1.0","True","{""expression"",""joie"",""créativité""}","fr","1"
"1","toutes","energie","3","indifferent","indifferent","direct_doux","Le rythme favorise la spontanéité : un geste simple peut redonner du souffle à la relation.","21","1.0","True","{""expression"",""joie"",""créativité""}","fr","1"
"1","toutes","energie","3","indifferent","indifferent","direct_doux","Une vibration de communication s’installe : clarifier avec humour vaut mieux que ruminer.","21","1.0","True","{""expression"",""joie"",""créativité""}","fr","1"
"1","toutes","energie","3","indifferent","indifferent","direct_doux","Le moment invite à célébrer : un instant agréable peut réparer plus qu’un long discours.","21","1.0","True","{""expression"",""joie"",""créativité""}","fr","1"
"1","toutes","focus","3","indifferent","indifferent","direct_doux","Mets ton attention sur la communication : dire, écrire, exprimer avec simplicité.","21","1.0","True","{""expression"",""joie"",""créativité""}","fr","1"
"1","toutes","focus","3","indifferent","indifferent","direct_doux","Focus sur la joie partagée : un moment agréable peut remettre de la lumière.","21","1.0","True","{""expression"",""joie"",""créativité""}","fr","1"
"1","toutes","focus","3","indifferent","indifferent","direct_doux","Concentre-toi sur une idée créative : une solution originale peut naître maintenant.","21","1.0","True","{""expression"",""joie"",""créativité""}","fr","1"
"1","toutes","focus","3","indifferent","indifferent","direct_doux","Priorité aux échanges : clarifier par la parole évite l’imagination négative.","21","1.0","True","{""expression"",""joie"",""créativité""}","fr","1"
"1","toutes","focus","3","indifferent","indifferent","direct_doux","Mets ton attention sur la légèreté : dédramatiser sans nier le sujet.","21","1.0","True","{""expression"",""joie"",""créativité""}","fr","1"
"1","toutes","focus","3","indifferent","indifferent","direct_doux","Focus sur la spontanéité : une invitation, une sortie, un geste inattendu.","21","1.0","True","{""expression"",""joie"",""créativité""}","fr","1"
"1","toutes","focus","3","indifferent","indifferent","direct_doux","Concentre-toi sur la confiance : exprimer un compliment vrai a de la force.","21","1.0","True","{""expression"",""joie"",""créativité""}","fr","1"
"1","toutes","focus","3","indifferent","indifferent","direct_doux","Priorité à l’expression du cœur : parler vrai, sans piquer.","21","1.0","True","{""expression"",""joie"",""créativité""}","fr","1"
"1","toutes","alerte","3","indifferent","indifferent","direct_doux","Attention à la légèreté excessive : éviter le fond peut créer des retours plus tard.","21","1.0","True","{""expression"",""joie"",""créativité""}","fr","1"
"1","toutes","alerte","3","indifferent","indifferent","direct_doux","Évite la dispersion : trop d’idées peuvent te faire oublier l’essentiel.","21","1.0","True","{""expression"",""joie"",""créativité""}","fr","1"
"1","toutes","alerte","3","indifferent","indifferent","direct_doux","Attention aux paroles trop rapides : l’humour ne doit pas blesser.","21","1.0","True","{""expression"",""joie"",""créativité""}","fr","1"
"1","toutes","alerte","3","indifferent","indifferent","direct_doux","Ne cherche pas l’approbation : exprime-toi sans te justifier.","21","1.0","True","{""expression"",""joie"",""créativité""}","fr","1"
"1","toutes","alerte","3","indifferent","indifferent","direct_doux","Évite la superficialité : un vrai échange vaut mieux qu’un simple divertissement.","21","1.0","True","{""expression"",""joie"",""créativité""}","fr","1"
"1","toutes","alerte","3","indifferent","indifferent","direct_doux","Attention à la comparaison : votre couple n’a pas à ressembler aux autres.","21","1.0","True","{""expression"",""joie"",""créativité""}","fr","1"
"1","toutes","alerte","3","indifferent","indifferent","direct_doux","Ne parle pas sous émotion : attendre quelques minutes change tout.","21","1.0","True","{""expression"",""joie"",""créativité""}","fr","1"
"1","toutes","alerte","3","indifferent","indifferent","direct_doux","Évite les promesses “grandioses” : reste simple et vrai.","21","1.0","True","{""expression"",""joie"",""créativité""}","fr","1"
"1","toutes","conseil","3","indifferent","indifferent","direct_doux","Ouvre l’échange : parle vrai, avec douceur, et ajoute un compliment sincère.","21","1.0","True","{""expression"",""joie"",""créativité""}","fr","1"
"1","toutes","conseil","3","indifferent","indifferent","direct_doux","Crée un moment agréable : un appel, une sortie simple, une attention qui fait sourire.","21","1.0","True","{""expression"",""joie"",""créativité""}","fr","1"
"1","toutes","conseil","3","indifferent","indifferent","direct_doux","Utilise l’humour pour détendre, pas pour piquer : la joie guérit quand elle respecte.","21","1.0","True","{""expression"",""joie"",""créativité""}","fr","1"
"1","toutes","conseil","3","indifferent","indifferent","direct_doux","Exprime clairement ce que tu apprécies : la gratitude renforce la complicité.","21","1.0","True","{""expression"",""joie"",""créativité""}","fr","1"
"1","toutes","conseil","3","indifferent","indifferent","direct_doux","Choisis une idée et mets-la en action : la créativité devient réelle quand elle se fait.","21","1.0","True","{""expression"",""joie"",""créativité""}","fr","1"
"1","toutes","conseil","3","indifferent","indifferent","direct_doux","Si un sujet est lourd, commence par le cœur : “je veux qu’on se comprenne”.","21","1.0","True","{""expression"",""joie"",""créativité""}","fr","1"
"1","toutes","conseil","3","indifferent","indifferent","direct_doux","Laisse de la place à la spontanéité : un geste imprévu peut relancer l’amour.","21","1.0","True","{""expression"",""joie"",""créativité""}","fr","1"
"1","toutes","conseil","3","indifferent","indifferent","direct_doux","Respire, puis parle : les mots posés valent plus que les mots rapides.","21","1.0","True","{""expression"",""joie"",""créativité""}","fr","1"
"1","toutes","energie","4","indifferent","indifferent","direct_doux","L’énergie du moment est sérieuse : elle pousse à structurer, organiser et stabiliser.","21","1.0","True","{""structure"",""stabilité"",""organisation""}","fr","1"
"1","toutes","energie","4","indifferent","indifferent","direct_doux","Le climat favorise le concret : ce qui est planifié et rangé libère l’esprit.","21","1.0","True","{""structure"",""stabilité"",""organisation""}","fr","1"
"1","toutes","energie","4","indifferent","indifferent","direct_doux","Une vibration de construction s’installe : les petits efforts répétés deviennent une force.","21","1.0","True","{""structure"",""stabilité"",""organisation""}","fr","1"
"1","toutes","energie","4","indifferent","indifferent","direct_doux","Le moment invite à la discipline : tenir une promesse renforce la confiance.","21","1.0","True","{""structure"",""stabilité"",""organisation""}","fr","1"
"1","toutes","energie","4","indifferent","indifferent","direct_doux","Une énergie de stabilité domine : sécuriser l’essentiel avant le reste apporte de la paix.","21","1.0","True","{""structure"",""stabilité"",""organisation""}","fr","1"
"1","toutes","energie","4","indifferent","indifferent","direct_doux","Le rythme est plus lent mais solide : avancer étape par étape donne de vrais résultats.","21","1.0","True","{""structure"",""stabilité"",""organisation""}","fr","1"
"1","toutes","energie","4","indifferent","indifferent","direct_doux","Une vibration d’ordre et de cadre se présente : mettre les choses au clair apaise les tensions.","21","1.0","True","{""structure"",""stabilité"",""organisation""}","fr","1"
"1","toutes","energie","4","indifferent","indifferent","direct_doux","Le climat encourage la responsabilité : ce que tu construis maintenant tient dans le temps.","21","1.0","True","{""structure"",""stabilité"",""organisation""}","fr","1"
"1","toutes","focus","4","indifferent","indifferent","direct_doux","Mets ton attention sur l’organisation : tâches, planning, cadre, ordre.","21","1.0","True","{""structure"",""stabilité"",""organisation""}","fr","1"
"1","toutes","focus","4","indifferent","indifferent","direct_doux","Focus sur la stabilité : sécuriser l’essentiel avant le reste.","21","1.0","True","{""structure"",""stabilité"",""organisation""}","fr","1"
"1","toutes","focus","4","indifferent","indifferent","direct_doux","Concentre-toi sur une responsabilité à assumer clairement : ça apaise l’esprit.","21","1.0","True","{""structure"",""stabilité"",""organisation""}","fr","1"
"1","toutes","focus","4","indifferent","indifferent","direct_doux","Priorité à la méthode : avancer étape par étape, sans brûler les étapes.","21","1.0","True","{""structure"",""stabilité"",""organisation""}","fr","1"
"1","toutes","focus","4","indifferent","indifferent","direct_doux","Mets ton attention sur la discipline douce : régularité plutôt que force.","21","1.0","True","{""structure"",""stabilité"",""organisation""}","fr","1"
"1","toutes","focus","4","indifferent","indifferent","direct_doux","Focus sur le concret : régler un point pratique libère beaucoup d’énergie.","21","1.0","True","{""structure"",""stabilité"",""organisation""}","fr","1"
"1","toutes","focus","4","indifferent","indifferent","direct_doux","Concentre-toi sur la cohérence : ce que tu promets, tu le fais.","21","1.0","True","{""structure"",""stabilité"",""organisation""}","fr","1"
"1","toutes","focus","4","indifferent","indifferent","direct_doux","Priorité à la structure : clarifier les règles et les limites.","21","1.0","True","{""structure"",""stabilité"",""organisation""}","fr","1"
"1","toutes","alerte","4","indifferent","indifferent","direct_doux","Attention à la rigidité : trop de contrôle peut étouffer la chaleur.","21","1.0","True","{""structure"",""stabilité"",""organisation""}","fr","1"
"1","toutes","alerte","4","indifferent","indifferent","direct_doux","Évite la critique froide : corriger l’autre n’est pas construire.","21","1.0","True","{""structure"",""stabilité"",""organisation""}","fr","1"
"1","toutes","alerte","4","indifferent","indifferent","direct_doux","Attention à la routine : le sérieux sans tendresse fatigue le lien.","21","1.0","True","{""structure"",""stabilité"",""organisation""}","fr","1"
"1","toutes","alerte","4","indifferent","indifferent","direct_doux","Ne prends pas tout sur toi : répartir la charge évite l’amertume.","21","1.0","True","{""structure"",""stabilité"",""organisation""}","fr","1"
"1","toutes","alerte","4","indifferent","indifferent","direct_doux","Évite de repousser l’émotion : le pratique n’efface pas le besoin d’affection.","21","1.0","True","{""structure"",""stabilité"",""organisation""}","fr","1"
"1","toutes","alerte","4","indifferent","indifferent","direct_doux","Attention à l’entêtement : quand ça bloque, ajuste la méthode.","21","1.0","True","{""structure"",""stabilité"",""organisation""}","fr","1"
"1","toutes","alerte","4","indifferent","indifferent","direct_doux","Ne transforme pas un détail en conflit : garde la vue d’ensemble.","21","1.0","True","{""structure"",""stabilité"",""organisation""}","fr","1"
"1","toutes","alerte","4","indifferent","indifferent","direct_doux","Évite les ultimatums : pose un cadre, oui; menacer, non.","21","1.0","True","{""structure"",""stabilité"",""organisation""}","fr","1"
"1","toutes","conseil","4","indifferent","indifferent","direct_doux","Mets de l’ordre dans un point précis : rangement, planning, budget, règles claires.","21","1.0","True","{""structure"",""stabilité"",""organisation""}","fr","1"
"1","toutes","conseil","4","indifferent","indifferent","direct_doux","Tiens une promesse simple : la stabilité naît de la cohérence.","21","1.0","True","{""structure"",""stabilité"",""organisation""}","fr","1"
"1","toutes","conseil","4","indifferent","indifferent","direct_doux","Avance étape par étape : un petit progrès vaut mieux qu’un grand plan.","21","1.0","True","{""structure"",""stabilité"",""organisation""}","fr","1"
"1","toutes","conseil","4","indifferent","indifferent","direct_doux","Répartis les tâches avec justice : la paix vient quand la charge est équilibrée.","21","1.0","True","{""structure"",""stabilité"",""organisation""}","fr","1"
"1","toutes","conseil","4","indifferent","indifferent","direct_doux","Pose un cadre sans dureté : ferme sur le fond, doux sur la forme.","21","1.0","True","{""structure"",""stabilité"",""organisation""}","fr","1"
"1","toutes","conseil","4","indifferent","indifferent","direct_doux","Règle un détail pratique aujourd’hui : ça libère de l’espace mental.","21","1.0","True","{""structure"",""stabilité"",""organisation""}","fr","1"
"1","toutes","conseil","4","indifferent","indifferent","direct_doux","Écris une mini-liste (3 choses) et termine-la : tu te sentiras solide.","21","1.0","True","{""structure"",""stabilité"",""organisation""}","fr","1"
"1","toutes","conseil","4","indifferent","indifferent","direct_doux","Ajoute une touche de tendresse au sérieux : un mot doux change tout.","21","1.0","True","{""structure"",""stabilité"",""organisation""}","fr","1"
"1","toutes","energie","5","indifferent","indifferent","direct_doux","Une énergie de mouvement circule : changement, nouveauté ou imprévu peuvent se présenter.","21","1.0","True","{""changement"",""mouvement"",""adaptation""}","fr","1"
"1","toutes","energie","5","indifferent","indifferent","direct_doux","Le moment appelle l’adaptation : ce qui était prévu peut évoluer, et ce n’est pas un échec.","21","1.0","True","{""changement"",""mouvement"",""adaptation""}","fr","1"
"1","toutes","energie","5","indifferent","indifferent","direct_doux","Une vibration de liberté se fait sentir : respirer et bouger aide à garder l’équilibre.","21","1.0","True","{""changement"",""mouvement"",""adaptation""}","fr","1"
"1","toutes","energie","5","indifferent","indifferent","direct_doux","Le climat favorise le renouveau : une sortie de routine peut améliorer l’ambiance.","21","1.0","True","{""changement"",""mouvement"",""adaptation""}","fr","1"
"1","toutes","energie","5","indifferent","indifferent","direct_doux","Une énergie d’ouverture apparaît : tester une autre façon de faire peut débloquer la situation.","21","1.0","True","{""changement"",""mouvement"",""adaptation""}","fr","1"
"1","toutes","energie","5","indifferent","indifferent","direct_doux","Le rythme est rapide : mieux vaut rester souple que vouloir tout contrôler.","21","1.0","True","{""changement"",""mouvement"",""adaptation""}","fr","1"
"1","toutes","energie","5","indifferent","indifferent","direct_doux","Une vibration d’exploration s’installe : une opportunité peut surgir là où tu ne l’attendais pas.","21","1.0","True","{""changement"",""mouvement"",""adaptation""}","fr","1"
"1","toutes","energie","5","indifferent","indifferent","direct_doux","Le moment invite à alléger : simplifier, déplacer, ajuster, c’est déjà avancer.","21","1.0","True","{""changement"",""mouvement"",""adaptation""}","fr","1"
"1","toutes","focus","5","indifferent","indifferent","direct_doux","Mets ton attention sur l’adaptation : ajuster tes plans plutôt que t’acharner.","21","1.0","True","{""changement"",""mouvement"",""adaptation""}","fr","1"
"1","toutes","focus","5","indifferent","indifferent","direct_doux","Focus sur la liberté responsable : bouger sans casser l’équilibre.","21","1.0","True","{""changement"",""mouvement"",""adaptation""}","fr","1"
"1","toutes","focus","5","indifferent","indifferent","direct_doux","Concentre-toi sur une nouveauté utile : changer une habitude, tester autrement.","21","1.0","True","{""changement"",""mouvement"",""adaptation""}","fr","1"
"1","toutes","focus","5","indifferent","indifferent","direct_doux","Priorité à la souplesse : laisse une marge pour l’imprévu.","21","1.0","True","{""changement"",""mouvement"",""adaptation""}","fr","1"
"1","toutes","focus","5","indifferent","indifferent","direct_doux","Mets ton attention sur l’exploration : apprendre, découvrir, sortir de la routine.","21","1.0","True","{""changement"",""mouvement"",""adaptation""}","fr","1"
"1","toutes","focus","5","indifferent","indifferent","direct_doux","Focus sur le présent : ce qui se passe maintenant demande ta présence.","21","1.0","True","{""changement"",""mouvement"",""adaptation""}","fr","1"
"1","toutes","focus","5","indifferent","indifferent","direct_doux","Concentre-toi sur la communication rapide : clarifier vite évite les malentendus.","21","1.0","True","{""changement"",""mouvement"",""adaptation""}","fr","1"
"1","toutes","focus","5","indifferent","indifferent","direct_doux","Priorité au mouvement : une action légère peut débloquer.","21","1.0","True","{""changement"",""mouvement"",""adaptation""}","fr","1"
"1","toutes","alerte","5","indifferent","indifferent","direct_doux","Attention à l’impulsivité : dire ou faire trop vite peut créer un choc inutile.","21","1.0","True","{""changement"",""mouvement"",""adaptation""}","fr","1"
"1","toutes","alerte","5","indifferent","indifferent","direct_doux","Évite l’instabilité volontaire : changer pour fuir n’aide pas.","21","1.0","True","{""changement"",""mouvement"",""adaptation""}","fr","1"
"1","toutes","alerte","5","indifferent","indifferent","direct_doux","Attention à la nervosité : le mouvement est bon, la précipitation l’est moins.","21","1.0","True","{""changement"",""mouvement"",""adaptation""}","fr","1"
"1","toutes","alerte","5","indifferent","indifferent","direct_doux","Ne casse pas une habitude utile : garde ce qui stabilise.","21","1.0","True","{""changement"",""mouvement"",""adaptation""}","fr","1"
"1","toutes","alerte","5","indifferent","indifferent","direct_doux","Évite les décisions risquées : l’envie de nouveauté peut tromper.","21","1.0","True","{""changement"",""mouvement"",""adaptation""}","fr","1"
"1","toutes","alerte","5","indifferent","indifferent","direct_doux","Attention aux malentendus : clarifie dès que quelque chose te dérange.","21","1.0","True","{""changement"",""mouvement"",""adaptation""}","fr","1"
"1","toutes","alerte","5","indifferent","indifferent","direct_doux","Ne cherche pas la liberté au prix du respect : l’équilibre est la clé.","21","1.0","True","{""changement"",""mouvement"",""adaptation""}","fr","1"
"1","toutes","alerte","5","indifferent","indifferent","direct_doux","Évite de tout planifier au dernier moment : anticipe un minimum.","21","1.0","True","{""changement"",""mouvement"",""adaptation""}","fr","1"
"1","toutes","conseil","5","indifferent","indifferent","direct_doux","Reste souple : adapte ton plan plutôt que lutter contre l’imprévu.","21","1.0","True","{""changement"",""mouvement"",""adaptation""}","fr","1"
"1","toutes","conseil","5","indifferent","indifferent","direct_doux","Change une chose utile : une habitude, une façon de parler, une petite routine.","21","1.0","True","{""changement"",""mouvement"",""adaptation""}","fr","1"
"1","toutes","conseil","5","indifferent","indifferent","direct_doux","Bouge ton corps 10–15 minutes : le mouvement clarifie l’esprit.","21","1.0","True","{""changement"",""mouvement"",""adaptation""}","fr","1"
"1","toutes","conseil","5","indifferent","indifferent","direct_doux","Clarifie vite un malentendu : un message simple évite une tension longue.","21","1.0","True","{""changement"",""mouvement"",""adaptation""}","fr","1"
"1","toutes","conseil","5","indifferent","indifferent","direct_doux","Garde une marge : ne remplis pas tout ton agenda, laisse respirer la journée.","21","1.0","True","{""changement"",""mouvement"",""adaptation""}","fr","1"
"1","toutes","conseil","5","indifferent","indifferent","direct_doux","Si l’envie de tout changer monte, fais d’abord un ajustement léger.","21","1.0","True","{""changement"",""mouvement"",""adaptation""}","fr","1"
"1","toutes","conseil","5","indifferent","indifferent","direct_doux","Choisis la liberté responsable : explique ton besoin plutôt que disparaître.","21","1.0","True","{""changement"",""mouvement"",""adaptation""}","fr","1"
"1","toutes","conseil","5","indifferent","indifferent","direct_doux","Pose une intention de légèreté : moins de contrôle, plus d’air.","21","1.0","True","{""changement"",""mouvement"",""adaptation""}","fr","1"
"1","toutes","energie","6","indifferent","indifferent","direct_doux","L’énergie met l’accent sur l’harmonie : protéger le lien et la douceur devient prioritaire.","21","1.0","True","{""harmonie"",""amour"",""responsabilité""}","fr","1"
"1","toutes","energie","6","indifferent","indifferent","direct_doux","Le climat favorise l’attention : un geste de soin ou de respect peut changer la journée.","21","1.0","True","{""harmonie"",""amour"",""responsabilité""}","fr","1"
"1","toutes","energie","6","indifferent","indifferent","direct_doux","Une vibration d’amour responsable se présente : soutenir sans étouffer renforce le couple.","21","1.0","True","{""harmonie"",""amour"",""responsabilité""}","fr","1"
"1","toutes","energie","6","indifferent","indifferent","direct_doux","Le moment invite au réconfort : créer un espace rassurant aide tout le monde à respirer.","21","1.0","True","{""harmonie"",""amour"",""responsabilité""}","fr","1"
"1","toutes","energie","6","indifferent","indifferent","direct_doux","Une énergie familiale et protectrice domine : l’équilibre se joue dans les petites habitudes.","21","1.0","True","{""harmonie"",""amour"",""responsabilité""}","fr","1"
"1","toutes","energie","6","indifferent","indifferent","direct_doux","Le rythme encourage la réconciliation : une parole tendre peut désamorcer une tension ancienne.","21","1.0","True","{""harmonie"",""amour"",""responsabilité""}","fr","1"
"1","toutes","energie","6","indifferent","indifferent","direct_doux","Une vibration de fidélité et d’engagement apparaît : tenir parole donne de la solidité.","21","1.0","True","{""harmonie"",""amour"",""responsabilité""}","fr","1"
"1","toutes","energie","6","indifferent","indifferent","direct_doux","Le moment invite à prendre soin : de toi, de l’autre, et de ce que vous construisez ensemble.","21","1.0","True","{""harmonie"",""amour"",""responsabilité""}","fr","1"
"1","toutes","focus","6","indifferent","indifferent","direct_doux","Mets ton attention sur la douceur : soigner le lien avant de régler les détails.","21","1.0","True","{""harmonie"",""amour"",""responsabilité""}","fr","1"
"1","toutes","focus","6","indifferent","indifferent","direct_doux","Focus sur la responsabilité affective : soutenir sans contrôler.","21","1.0","True","{""harmonie"",""amour"",""responsabilité""}","fr","1"
"1","toutes","focus","6","indifferent","indifferent","direct_doux","Concentre-toi sur le confort et la paix du foyer : l’ambiance compte.","21","1.0","True","{""harmonie"",""amour"",""responsabilité""}","fr","1"
"1","toutes","focus","6","indifferent","indifferent","direct_doux","Priorité aux gestes d’amour : un service, une attention, une parole vraie.","21","1.0","True","{""harmonie"",""amour"",""responsabilité""}","fr","1"
"1","toutes","focus","6","indifferent","indifferent","direct_doux","Mets ton attention sur l’équilibre donner/recevoir : ne t’oublie pas.","21","1.0","True","{""harmonie"",""amour"",""responsabilité""}","fr","1"
"1","toutes","focus","6","indifferent","indifferent","direct_doux","Focus sur la famille et les proches : la présence guérit.","21","1.0","True","{""harmonie"",""amour"",""responsabilité""}","fr","1"
"1","toutes","focus","6","indifferent","indifferent","direct_doux","Concentre-toi sur la réconciliation : clarifier avec bienveillance.","21","1.0","True","{""harmonie"",""amour"",""responsabilité""}","fr","1"
"1","toutes","focus","6","indifferent","indifferent","direct_doux","Priorité à la gratitude : reconnaître ce qui va bien renforce tout.","21","1.0","True","{""harmonie"",""amour"",""responsabilité""}","fr","1"
"1","toutes","alerte","6","indifferent","indifferent","direct_doux","Attention au sur-don : trop porter pour l’autre finit par épuiser.","21","1.0","True","{""harmonie"",""amour"",""responsabilité""}","fr","1"
"1","toutes","alerte","6","indifferent","indifferent","direct_doux","Évite le contrôle déguisé en amour : protéger n’est pas diriger.","21","1.0","True","{""harmonie"",""amour"",""responsabilité""}","fr","1"
"1","toutes","alerte","6","indifferent","indifferent","direct_doux","Attention aux reproches passifs : dis ce que tu veux, pas seulement ce qui manque.","21","1.0","True","{""harmonie"",""amour"",""responsabilité""}","fr","1"
"1","toutes","alerte","6","indifferent","indifferent","direct_doux","Ne confonds pas paix et évitement : certains sujets méritent d’être clarifiés.","21","1.0","True","{""harmonie"",""amour"",""responsabilité""}","fr","1"
"1","toutes","alerte","6","indifferent","indifferent","direct_doux","Évite la jalousie : la confiance se construit par des actes, pas par la surveillance.","21","1.0","True","{""harmonie"",""amour"",""responsabilité""}","fr","1"
"1","toutes","alerte","6","indifferent","indifferent","direct_doux","Attention à la culpabilité : tu peux aimer sans te sacrifier.","21","1.0","True","{""harmonie"",""amour"",""responsabilité""}","fr","1"
"1","toutes","alerte","6","indifferent","indifferent","direct_doux","Ne laisse pas la famille ou l’entourage dicter vos choix : gardez votre centre.","21","1.0","True","{""harmonie"",""amour"",""responsabilité""}","fr","1"
"1","toutes","alerte","6","indifferent","indifferent","direct_doux","Évite les dépenses de confort excessives : la sécurité vient aussi de la mesure.","21","1.0","True","{""harmonie"",""amour"",""responsabilité""}","fr","1"
"1","toutes","conseil","6","indifferent","indifferent","direct_doux","Fais un geste concret de soin : aider, écouter, préparer un moment confortable.","21","1.0","True","{""harmonie"",""amour"",""responsabilité""}","fr","1"
"1","toutes","conseil","6","indifferent","indifferent","direct_doux","Exprime ton attachement simplement : une phrase tendre vaut un long discours.","21","1.0","True","{""harmonie"",""amour"",""responsabilité""}","fr","1"
"1","toutes","conseil","6","indifferent","indifferent","direct_doux","Protège l’équilibre : donne, mais garde un espace pour toi.","21","1.0","True","{""harmonie"",""amour"",""responsabilité""}","fr","1"
"1","toutes","conseil","6","indifferent","indifferent","direct_doux","Règle une tension avec bienveillance : “je veux qu’on soit bien” ouvre la voie.","21","1.0","True","{""harmonie"",""amour"",""responsabilité""}","fr","1"
"1","toutes","conseil","6","indifferent","indifferent","direct_doux","Choisis la paix du foyer : une petite amélioration de l’ambiance change tout.","21","1.0","True","{""harmonie"",""amour"",""responsabilité""}","fr","1"
"1","toutes","conseil","6","indifferent","indifferent","direct_doux","Pratique la gratitude : cite 1 chose que tu apprécies chez l’autre.","21","1.0","True","{""harmonie"",""amour"",""responsabilité""}","fr","1"
"1","toutes","conseil","6","indifferent","indifferent","direct_doux","Si tu sens de la fatigue, demande du soutien : l’amour, c’est aussi recevoir.","21","1.0","True","{""harmonie"",""amour"",""responsabilité""}","fr","1"
"1","toutes","conseil","6","indifferent","indifferent","direct_doux","Respire et adoucis ton ton : la douceur est une force.","21","1.0","True","{""harmonie"",""amour"",""responsabilité""}","fr","1"
"1","toutes","energie","7","indifferent","indifferent","direct_doux","Une énergie de recul s’installe : le calme et la réflexion apportent plus que l’agitation.","21","1.0","True","{""recul"",""introspection"",""spiritualité""}","fr","1"
"1","toutes","energie","7","indifferent","indifferent","direct_doux","Le moment invite à l’introspection : comprendre avant d’agir évite les erreurs.","21","1.0","True","{""recul"",""introspection"",""spiritualité""}","fr","1"
"1","toutes","energie","7","indifferent","indifferent","direct_doux","Une vibration de vérité intérieure se présente : écoute ce que ton intuition te murmure.","21","1.0","True","{""recul"",""introspection"",""spiritualité""}","fr","1"
"1","toutes","energie","7","indifferent","indifferent","direct_doux","Le climat est plus silencieux : ce n’est pas un vide, c’est un temps de compréhension.","21","1.0","True","{""recul"",""introspection"",""spiritualité""}","fr","1"
"1","toutes","energie","7","indifferent","indifferent","direct_doux","Une énergie de sagesse apparaît : ralentir permet de voir ce qui compte vraiment.","21","1.0","True","{""recul"",""introspection"",""spiritualité""}","fr","1"
"1","toutes","energie","7","indifferent","indifferent","direct_doux","Le rythme favorise l’analyse : poser une bonne question vaut mieux que donner dix réponses.","21","1.0","True","{""recul"",""introspection"",""spiritualité""}","fr","1"
"1","toutes","energie","7","indifferent","indifferent","direct_doux","Une vibration spirituelle discrète se lève : une intention pure clarifie le cœur.","21","1.0","True","{""recul"",""introspection"",""spiritualité""}","fr","1"
"1","toutes","energie","7","indifferent","indifferent","direct_doux","Le moment invite à la patience : ce qui mûrit en profondeur devient solide.","21","1.0","True","{""recul"",""introspection"",""spiritualité""}","fr","1"
"1","toutes","focus","7","indifferent","indifferent","direct_doux","Mets ton attention sur la réflexion : comprendre la racine avant de parler des branches.","21","1.0","True","{""recul"",""introspection"",""spiritualité""}","fr","1"
"1","toutes","focus","7","indifferent","indifferent","direct_doux","Focus sur le calme intérieur : ralentir rend plus lucide.","21","1.0","True","{""recul"",""introspection"",""spiritualité""}","fr","1"
"1","toutes","focus","7","indifferent","indifferent","direct_doux","Concentre-toi sur une question essentielle : « qu’est-ce que je veux vraiment ? »","21","1.0","True","{""recul"",""introspection"",""spiritualité""}","fr","1"
"1","toutes","focus","7","indifferent","indifferent","direct_doux","Priorité à l’observation : regarder les faits sans interpréter trop vite.","21","1.0","True","{""recul"",""introspection"",""spiritualité""}","fr","1"
"1","toutes","focus","7","indifferent","indifferent","direct_doux","Mets ton attention sur l’intuition : ce que tu sens mérite d’être écouté.","21","1.0","True","{""recul"",""introspection"",""spiritualité""}","fr","1"
"1","toutes","focus","7","indifferent","indifferent","direct_doux","Focus sur la vérité : dire peu, mais dire juste.","21","1.0","True","{""recul"",""introspection"",""spiritualité""}","fr","1"
"1","toutes","focus","7","indifferent","indifferent","direct_doux","Concentre-toi sur la patience : laisser mûrir une décision.","21","1.0","True","{""recul"",""introspection"",""spiritualité""}","fr","1"
"1","toutes","focus","7","indifferent","indifferent","direct_doux","Priorité au silence utile : respirer avant de répondre.","21","1.0","True","{""recul"",""introspection"",""spiritualité""}","fr","1"
"1","toutes","alerte","7","indifferent","indifferent","direct_doux","Attention au silence prolongé : se protéger est utile, se fermer l’est moins.","21","1.0","True","{""recul"",""introspection"",""spiritualité""}","fr","1"
"1","toutes","alerte","7","indifferent","indifferent","direct_doux","Évite l’isolement émotionnel : partager un peu évite les malentendus.","21","1.0","True","{""recul"",""introspection"",""spiritualité""}","fr","1"
"1","toutes","alerte","7","indifferent","indifferent","direct_doux","Attention à la suspicion : analyser trop peut inventer des problèmes.","21","1.0","True","{""recul"",""introspection"",""spiritualité""}","fr","1"
"1","toutes","alerte","7","indifferent","indifferent","direct_doux","Ne repousse pas tout à plus tard : certaines décisions demandent une date.","21","1.0","True","{""recul"",""introspection"",""spiritualité""}","fr","1"
"1","toutes","alerte","7","indifferent","indifferent","direct_doux","Évite la froideur : la profondeur peut rester tendre.","21","1.0","True","{""recul"",""introspection"",""spiritualité""}","fr","1"
"1","toutes","alerte","7","indifferent","indifferent","direct_doux","Attention aux jugements intérieurs : sois juste avec toi-même.","21","1.0","True","{""recul"",""introspection"",""spiritualité""}","fr","1"
"1","toutes","alerte","7","indifferent","indifferent","direct_doux","Ne cherche pas la perfection : cherche la vérité et la paix.","21","1.0","True","{""recul"",""introspection"",""spiritualité""}","fr","1"
"1","toutes","alerte","7","indifferent","indifferent","direct_doux","Évite les débats sans fin : une conclusion simple suffit.","21","1.0","True","{""recul"",""introspection"",""spiritualité""}","fr","1"
"1","toutes","conseil","7","indifferent","indifferent","direct_doux","Prends 2 minutes de silence : une intention claire apaise l’esprit.","21","1.0","True","{""recul"",""introspection"",""spiritualité""}","fr","1"
"1","toutes","conseil","7","indifferent","indifferent","direct_doux","Pose-toi une question vraie : “qu’est-ce qui compte vraiment ici ?”","21","1.0","True","{""recul"",""introspection"",""spiritualité""}","fr","1"
"1","toutes","conseil","7","indifferent","indifferent","direct_doux","Si tu dois parler, fais-le avec simplicité : peu de mots, mais justes.","21","1.0","True","{""recul"",""introspection"",""spiritualité""}","fr","1"
"1","toutes","conseil","7","indifferent","indifferent","direct_doux","Respecte ton besoin de recul, tout en rassurant l’autre par un signe de présence.","21","1.0","True","{""recul"",""introspection"",""spiritualité""}","fr","1"
"1","toutes","conseil","7","indifferent","indifferent","direct_doux","Note ce que tu ressens, puis choisis une action petite mais alignée.","21","1.0","True","{""recul"",""introspection"",""spiritualité""}","fr","1"
"1","toutes","conseil","7","indifferent","indifferent","direct_doux","Évite la hâte : laisse mûrir une décision avant de la poser.","21","1.0","True","{""recul"",""introspection"",""spiritualité""}","fr","1"
"1","toutes","conseil","7","indifferent","indifferent","direct_doux","Fais une prière ou une gratitude brève : la paix intérieure guide bien.","21","1.0","True","{""recul"",""introspection"",""spiritualité""}","fr","1"
"1","toutes","conseil","7","indifferent","indifferent","direct_doux","Choisis la patience active : observer, comprendre, puis agir.","21","1.0","True","{""recul"",""introspection"",""spiritualité""}","fr","1"
"1","toutes","energie","8","indifferent","indifferent","direct_doux","Une énergie de puissance et de résultats se présente : le concret et les responsabilités dominent.","21","1.0","True","{""résultats"",""ambition"",""finances""}","fr","1"
"1","toutes","energie","8","indifferent","indifferent","direct_doux","Le moment met l’accent sur l’ambition : avancer vers un objectif clair donne de la force.","21","1.0","True","{""résultats"",""ambition"",""finances""}","fr","1"
"1","toutes","energie","8","indifferent","indifferent","direct_doux","Une vibration de leadership apparaît : ton sens des priorités peut remettre de l’ordre.","21","1.0","True","{""résultats"",""ambition"",""finances""}","fr","1"
"1","toutes","energie","8","indifferent","indifferent","direct_doux","Le climat favorise les décisions utiles : ce qui est tranché avec justice apporte de la paix.","21","1.0","True","{""résultats"",""ambition"",""finances""}","fr","1"
"1","toutes","energie","8","indifferent","indifferent","direct_doux","Une énergie de matérialisation s’installe : les efforts visibles donnent des retours rapides.","21","1.0","True","{""résultats"",""ambition"",""finances""}","fr","1"
"1","toutes","energie","8","indifferent","indifferent","direct_doux","Le rythme appelle à la rigueur : bien gérer maintenant évite les pertes plus tard.","21","1.0","True","{""résultats"",""ambition"",""finances""}","fr","1"
"1","toutes","energie","8","indifferent","indifferent","direct_doux","Une vibration financière et stratégique circule : prudence, clarté, et action mesurée.","21","1.0","True","{""résultats"",""ambition"",""finances""}","fr","1"
"1","toutes","energie","8","indifferent","indifferent","direct_doux","Le moment invite à l’équité : partager responsabilités et bénéfices renforce l’union.","21","1.0","True","{""résultats"",""ambition"",""finances""}","fr","1"
"1","toutes","focus","8","indifferent","indifferent","direct_doux","Mets ton attention sur les priorités : ce qui rapporte, ce qui protège, ce qui stabilise.","21","1.0","True","{""résultats"",""ambition"",""finances""}","fr","1"
"1","toutes","focus","8","indifferent","indifferent","direct_doux","Focus sur la gestion : argent, temps, énergie — tout se pilote.","21","1.0","True","{""résultats"",""ambition"",""finances""}","fr","1"
"1","toutes","focus","8","indifferent","indifferent","direct_doux","Concentre-toi sur une décision concrète : trancher avec justice et efficacité.","21","1.0","True","{""résultats"",""ambition"",""finances""}","fr","1"
"1","toutes","focus","8","indifferent","indifferent","direct_doux","Priorité aux résultats : une action utile vaut plus qu’une discussion infinie.","21","1.0","True","{""résultats"",""ambition"",""finances""}","fr","1"
"1","toutes","focus","8","indifferent","indifferent","direct_doux","Mets ton attention sur l’équité : partager les responsabilités évite les tensions.","21","1.0","True","{""résultats"",""ambition"",""finances""}","fr","1"
"1","toutes","focus","8","indifferent","indifferent","direct_doux","Focus sur la stratégie : anticiper plutôt que réparer.","21","1.0","True","{""résultats"",""ambition"",""finances""}","fr","1"
"1","toutes","focus","8","indifferent","indifferent","direct_doux","Concentre-toi sur la discipline financière : petits écarts, grandes conséquences.","21","1.0","True","{""résultats"",""ambition"",""finances""}","fr","1"
"1","toutes","focus","8","indifferent","indifferent","direct_doux","Priorité à la clarté des accords : qui fait quoi, quand, comment.","21","1.0","True","{""résultats"",""ambition"",""finances""}","fr","1"
"1","toutes","alerte","8","indifferent","indifferent","direct_doux","Attention au rapport de force : gagner contre l’autre fait perdre le lien.","21","1.0","True","{""résultats"",""ambition"",""finances""}","fr","1"
"1","toutes","alerte","8","indifferent","indifferent","direct_doux","Évite la dureté : l’efficacité peut rester humaine.","21","1.0","True","{""résultats"",""ambition"",""finances""}","fr","1"
"1","toutes","alerte","8","indifferent","indifferent","direct_doux","Attention aux dépenses impulsives ou aux risques : la prudence protège tes gains.","21","1.0","True","{""résultats"",""ambition"",""finances""}","fr","1"
"1","toutes","alerte","8","indifferent","indifferent","direct_doux","Ne mélange pas tout : sépare émotions et décisions financières.","21","1.0","True","{""résultats"",""ambition"",""finances""}","fr","1"
"1","toutes","alerte","8","indifferent","indifferent","direct_doux","Évite la domination : partager le pouvoir renforce la confiance.","21","1.0","True","{""résultats"",""ambition"",""finances""}","fr","1"
"1","toutes","alerte","8","indifferent","indifferent","direct_doux","Attention à l’orgueil : reconnaître une erreur peut sauver beaucoup.","21","1.0","True","{""résultats"",""ambition"",""finances""}","fr","1"
"1","toutes","alerte","8","indifferent","indifferent","direct_doux","Ne surcharge pas ton agenda : la performance sans repos casse l’équilibre.","21","1.0","True","{""résultats"",""ambition"",""finances""}","fr","1"
"1","toutes","alerte","8","indifferent","indifferent","direct_doux","Évite les accords flous : clarifie pour éviter les conflits.","21","1.0","True","{""résultats"",""ambition"",""finances""}","fr","1"
"1","toutes","conseil","8","indifferent","indifferent","direct_doux","Clarifie tes priorités et agis : une décision juste apporte des résultats rapides.","21","1.0","True","{""résultats"",""ambition"",""finances""}","fr","1"
"1","toutes","conseil","8","indifferent","indifferent","direct_doux","Gère avec rigueur : budget, temps, tâches — la discipline protège.","21","1.0","True","{""résultats"",""ambition"",""finances""}","fr","1"
"1","toutes","conseil","8","indifferent","indifferent","direct_doux","Partage les responsabilités : l’équité évite les tensions et renforce le respect.","21","1.0","True","{""résultats"",""ambition"",""finances""}","fr","1"
"1","toutes","conseil","8","indifferent","indifferent","direct_doux","Si une décision financière se présente, avance avec prudence et chiffres clairs.","21","1.0","True","{""résultats"",""ambition"",""finances""}","fr","1"
"1","toutes","conseil","8","indifferent","indifferent","direct_doux","Choisis l’efficacité humaine : ferme sur l’objectif, doux dans la manière.","21","1.0","True","{""résultats"",""ambition"",""finances""}","fr","1"
"1","toutes","conseil","8","indifferent","indifferent","direct_doux","Fixe une limite saine : dire non à temps préserve la relation.","21","1.0","True","{""résultats"",""ambition"",""finances""}","fr","1"
"1","toutes","conseil","8","indifferent","indifferent","direct_doux","Agis sur un point concret : ranger, payer, planifier, finaliser.","21","1.0","True","{""résultats"",""ambition"",""finances""}","fr","1"
"1","toutes","conseil","8","indifferent","indifferent","direct_doux","Respire avant de trancher : le pouvoir serein vaut mieux que le pouvoir dur.","21","1.0","True","{""résultats"",""ambition"",""finances""}","fr","1"
"1","toutes","energie","9","indifferent","indifferent","direct_doux","Une énergie de bilan se présente : il est temps de clôturer, nettoyer ou pardonner.","21","1.0","True","{""bilan"",""libération"",""transition""}","fr","1"
"1","toutes","energie","9","indifferent","indifferent","direct_doux","Le moment invite à la libération : lâcher ce qui pèse ouvre un espace nouveau.","21","1.0","True","{""bilan"",""libération"",""transition""}","fr","1"
"1","toutes","energie","9","indifferent","indifferent","direct_doux","Une vibration de maturité émotionnelle apparaît : choisir la paix vaut mieux que gagner un débat.","21","1.0","True","{""bilan"",""libération"",""transition""}","fr","1"
"1","toutes","energie","9","indifferent","indifferent","direct_doux","Le climat favorise la transition : finir proprement une étape prépare la suivante.","21","1.0","True","{""bilan"",""libération"",""transition""}","fr","1"
"1","toutes","energie","9","indifferent","indifferent","direct_doux","Une énergie de compassion circule : comprendre l’autre adoucit les tensions.","21","1.0","True","{""bilan"",""libération"",""transition""}","fr","1"
"1","toutes","energie","9","indifferent","indifferent","direct_doux","Le rythme pousse à conclure : une décision finale ou un tri peut soulager.","21","1.0","True","{""bilan"",""libération"",""transition""}","fr","1"
"1","toutes","energie","9","indifferent","indifferent","direct_doux","Une vibration d’élévation se lève : ce qui est donné avec le cœur revient autrement.","21","1.0","True","{""bilan"",""libération"",""transition""}","fr","1"
"1","toutes","energie","9","indifferent","indifferent","direct_doux","Le moment invite au détachement : garder l’essentiel et laisser partir le reste.","21","1.0","True","{""bilan"",""libération"",""transition""}","fr","1"
"1","toutes","focus","9","indifferent","indifferent","direct_doux","Mets ton attention sur le tri : ce qui doit se terminer, se régler, se pardonner.","21","1.0","True","{""bilan"",""libération"",""transition""}","fr","1"
"1","toutes","focus","9","indifferent","indifferent","direct_doux","Focus sur la libération : alléger l’esprit en clôturant proprement.","21","1.0","True","{""bilan"",""libération"",""transition""}","fr","1"
"1","toutes","focus","9","indifferent","indifferent","direct_doux","Concentre-toi sur une conclusion : finir une tâche, une discussion, un engagement.","21","1.0","True","{""bilan"",""libération"",""transition""}","fr","1"
"1","toutes","focus","9","indifferent","indifferent","direct_doux","Priorité au pardon : relâcher la rancœur protège ta paix.","21","1.0","True","{""bilan"",""libération"",""transition""}","fr","1"
"1","toutes","focus","9","indifferent","indifferent","direct_doux","Mets ton attention sur l’essentiel : garder ce qui nourrit, laisser le reste.","21","1.0","True","{""bilan"",""libération"",""transition""}","fr","1"
"1","toutes","focus","9","indifferent","indifferent","direct_doux","Focus sur la compassion : comprendre sans excuser l’inacceptable.","21","1.0","True","{""bilan"",""libération"",""transition""}","fr","1"
"1","toutes","focus","9","indifferent","indifferent","direct_doux","Concentre-toi sur la transition : préparer le prochain chapitre.","21","1.0","True","{""bilan"",""libération"",""transition""}","fr","1"
"1","toutes","focus","9","indifferent","indifferent","direct_doux","Priorité à la maturité : répondre avec hauteur plutôt qu’avec impulsion.","21","1.0","True","{""bilan"",""libération"",""transition""}","fr","1"
"1","toutes","alerte","9","indifferent","indifferent","direct_doux","Attention à la nostalgie : regarder en arrière sans agir bloque le présent.","21","1.0","True","{""bilan"",""libération"",""transition""}","fr","1"
"1","toutes","alerte","9","indifferent","indifferent","direct_doux","Évite de rouvrir de vieilles blessures pour te venger : choisis la guérison.","21","1.0","True","{""bilan"",""libération"",""transition""}","fr","1"
"1","toutes","alerte","9","indifferent","indifferent","direct_doux","Attention aux conclusions hâtives : finir une étape ne veut pas dire tout casser.","21","1.0","True","{""bilan"",""libération"",""transition""}","fr","1"
"1","toutes","alerte","9","indifferent","indifferent","direct_doux","Ne confonds pas pardon et oubli : garde des limites claires.","21","1.0","True","{""bilan"",""libération"",""transition""}","fr","1"
"1","toutes","alerte","9","indifferent","indifferent","direct_doux","Évite l’épuisement émotionnel : fais le tri, pas tout en une fois.","21","1.0","True","{""bilan"",""libération"",""transition""}","fr","1"
"1","toutes","alerte","9","indifferent","indifferent","direct_doux","Attention au sacrifice : aider oui, te perdre non.","21","1.0","True","{""bilan"",""libération"",""transition""}","fr","1"
"1","toutes","alerte","9","indifferent","indifferent","direct_doux","Ne porte pas seul le poids du passé : partage ce qui doit être dit.","21","1.0","True","{""bilan"",""libération"",""transition""}","fr","1"
"1","toutes","alerte","9","indifferent","indifferent","direct_doux","Évite les décisions irréversibles sous émotion : laisse retomber la vague.","21","1.0","True","{""bilan"",""libération"",""transition""}","fr","1"
"1","toutes","conseil","9","indifferent","indifferent","direct_doux","Fais un tri : termine une chose, règle un malentendu, ou lâche une rancœur.","21","1.0","True","{""bilan"",""libération"",""transition""}","fr","1"
"1","toutes","conseil","9","indifferent","indifferent","direct_doux","Choisis la paix : une discussion de clôture claire peut soulager beaucoup.","21","1.0","True","{""bilan"",""libération"",""transition""}","fr","1"
"1","toutes","conseil","9","indifferent","indifferent","direct_doux","Pardonne pour te libérer, sans oublier tes limites : maturité et protection vont ensemble.","21","1.0","True","{""bilan"",""libération"",""transition""}","fr","1"
"1","toutes","conseil","9","indifferent","indifferent","direct_doux","Écris ce que tu veux laisser partir : ça allège le cœur.","21","1.0","True","{""bilan"",""libération"",""transition""}","fr","1"
"1","toutes","conseil","9","indifferent","indifferent","direct_doux","Finalise une tâche en attente : conclure te redonne de l’élan.","21","1.0","True","{""bilan"",""libération"",""transition""}","fr","1"
"1","toutes","conseil","9","indifferent","indifferent","direct_doux","Fais une action de compassion : un mot doux, une aide, un pardon.","21","1.0","True","{""bilan"",""libération"",""transition""}","fr","1"
"1","toutes","conseil","9","indifferent","indifferent","direct_doux","Garde l’essentiel et laisse le reste : c’est une force.","21","1.0","True","{""bilan"",""libération"",""transition""}","fr","1"
"1","toutes","conseil","9","indifferent","indifferent","direct_doux","Attends que l’émotion baisse avant une décision irréversible : la lucidité revient.","21","1.0","True","{""bilan"",""libération"",""transition""}","fr","1"
